narration,type,category
GAS FILLING STATION,DEBIT,FUEL
5188810,CREDIT,OTHER
ATM,DEBIT,CASH_WITHDRAWAL
UPI/3234,DEBIT,OTHER
UPI/3234,CREDIT,OTHER
UPI/32345,CREDIT,OTHER
UPI/3235,DEBIT,OTHER
UPI/ent,CREDIT,OTHER
UPI/3236,CREDIT,OTHER
UPI/3236,DEBIT,OTHER
UPI/BHARATPE6,DEBIT,OTHER
UPI/3237,DEBIT,OTHER
UPI/32372,DEBIT,OTHER
UPI/BHARATPE,DEBIT,OTHER
UPI/36035,CREDIT,OTHER
IMPS,CREDIT,OTHER
UPI/PAYTM,DEBIT,OTHER
UPI/32375,DEBIT,OTHER
UPI/32378/goog-payment,CREDIT,REFUND_CASHBACK
NEFT,CREDIT,OTHER
UPI/3603,DEBIT,OTHER
UPI/3238,CREDIT,OTHER
UPI/32382,CREDIT,OTHER
UPI/32384,CREDIT,OTHER
UPI/32394,DEBIT,OTHER
UPI/3239,DEBIT,OTHER
UPI/32390/,CREDIT,OTHER
AMZN,DEBIT,SHOPPING
UPI/3241,DEBIT,OTHER
UPI/JIOINAPPDIRECT/,DEBIT,BILLS_UTILITIES
UPI/PAYTMNA,CREDIT,OTHER
UPI/3609,DEBIT,OTHER
UPI/32445,DEBIT,OTHER
UPI/3612,CREDIT,OTHER
UPI/32479,CREDIT,OTHER
UPI/3613,DEBIT,OTHER
UPI/3248,CREDIT,OTHER
UPI/PAYTMPa,DEBIT,OTHER
UPI/3252,DEBIT,OTHER
UPI/3618,DEBIT,OTHER
UPI/3620,DEBIT,OTHER
UPI/36211,DEBIT,OTHER
UPI/36222,DEBIT,OTHER
UPI/32578,DEBIT,OTHER
UPI/32571,DEBIT,OTHER
UPI/32576,DEBIT,OTHER
UPI/32581,DEBIT,OTHER
UPI/36250,DEBIT,OTHER
UPI/3626,CREDIT,OTHER
UPI/JIOINAPPDIRECT,DEBIT,BILLS_UTILITIES
UPI/PAYTM101,DEBIT,OTHER
UPI/36298/,DEBIT,OTHER
UPI/3630,DEBIT,OTHER
UPI/3264,CREDIT,OTHER
UPI/32655,DEBIT,OTHER
UPI/36311,DEBIT,OTHER
UPI/32659,DEBIT,OTHER
UPI/32654,DEBIT,OTHER
UPI/36318,DEBIT,OTHER
UPI/GPAY,DEBIT,OTHER
UPI/3268,CREDIT,OTHER
UPI/PAYTMep,DEBIT,OTHER
UPI/36341,DEBIT,OTHER
UPI/32691,DEBIT,OTHER
UPI/36352,DEBIT,OTHER
UPI/36351,DEBIT,OTHER
UPI/32695,CREDIT,OTHER
UPI/3270,CREDIT,OTHER
UPI/32709,DEBIT,OTHER
UPI/32706,DEBIT,OTHER
UPI/36367,DEBIT,OTHER
UPI/32712,DEBIT,OTHER
UPI/36370,DEBIT,OTHER
UPI/36381,DEBIT,OTHER
UPI/PAYTMap,DEBIT,OTHER
UPI/32738,DEBIT,OTHER
UPI/36406,DEBIT,OTHER
UPI/36408,DEBIT,OTHER
UPI/PAYTM9p,DEBIT,OTHER
UPI/36421,DEBIT,OTHER
UPI/32770,DEBIT,OTHER
UPI/32775,DEBIT,OTHER
UPI/36435,DEBIT,OTHER
UPI/32789,CREDIT,OTHER
UPI/32783,DEBIT,OTHER
UPI/32784,DEBIT,OTHER
UPI/32795,DEBIT,OTHER
UPI/36454,DEBIT,OTHER
UPI/3645,CREDIT,OTHER
UPI/3279,CREDIT,OTHER
UPI/36458,DEBIT,OTHER
UPI/GPAYBILLREACHARGE,DEBIT,BILLS_UTILITIES
UPI/36462,DEBIT,OTHER
UPI/32802,DEBIT,OTHER
UPI/3647,CREDIT,OTHER
UPI/36486,DEBIT,OTHER
UPI/BHARATPE4,DEBIT,OTHER
UPI/3648,CREDIT,OTHER
UPI/36499,DEBIT,OTHER
UPI/32841,DEBIT,OTHER
UPI/3650,DEBIT,OTHER
UPI/36509,DEBIT,OTHER
UPI/3285,CREDIT,OTHER
UPI/36530,DEBIT,OTHER
UPI/32880,DEBIT,OTHER
UPI/32883,DEBIT,OTHER
UPI/PAYTMdp,DEBIT,OTHER
UPI/3289,DEBIT,OTHER
UPI/32925,DEBIT,OTHER
UPI/32924,DEBIT,OTHER
UPI/32931/,DEBIT,OTHER
UPI/36597,DEBIT,OTHER
UPI/36606,DEBIT,OTHER
UPI/36613,DEBIT,OTHER
UPI/32958,DEBIT,OTHER
UPI/3296,CREDIT,OTHER
UPI/36636,DEBIT,OTHER
UPI/32971,CREDIT,OTHER
UPI/32975,DEBIT,OTHER
UPI/36640/U,DEBIT,OTHER
UPI/36655,DEBIT,OTHER
UPI/EURONETGPAY,DEBIT,BILLS_UTILITIES
UPI/PAYTM,CREDIT,OTHER
UPI/36671,DEBIT,OTHER
UPI/33035,DEBIT,OTHER
UPI/3303,CREDIT,OTHER
UPI/36716,DEBIT,OTHER
UPI/33061,DEBIT,OTHER
UPI/33060,DEBIT,OTHER
UPI/PAYTMwp,DEBIT,OTHER
UPI/33078,DEBIT,OTHER
UPI/36746,DEBIT,OTHER
UPI/BILLDESKRECHARGE,DEBIT,BILLS_UTILITIES
UPI/33095,DEBIT,OTHER
UPI/3310,CREDIT,OTHER
UPI/36763,DEBIT,OTHER
UPI/36761,DEBIT,OTHER
UPI/33115,DEBIT,OTHER
UPI/33113,DEBIT,OTHER
UPI/36774,DEBIT,OTHER
UPI/33112,DEBIT,OTHER
UPI/3312,CREDIT,OTHER
518881000,CREDIT,OTHER
UPI/33128/,DEBIT,OTHER
UPI/33131,CREDIT,OTHER
UPI/33138,DEBIT,OTHER
UPI/PAYTMgp,DEBIT,OTHER
UPI/36801,DEBIT,OTHER
UPI/33153,DEBIT,OTHER
UPI/3315,CREDIT,OTHER
UPI/3681,DEBIT,OTHER
UPI/33167,DEBIT,OTHER
UPI/33165,DEBIT,OTHER
UPI/PAYTMnp,DEBIT,OTHER
UPI/33183,CREDIT,OTHER
UPI/33187P,CREDIT,OTHER
UPI/33181,CREDIT,OTHER
UPI/PAYTMUP,DEBIT,OTHER
UPI/33187,DEBIT,OTHER
UPI/33182,DEBIT,OTHER
UPI/3685/P,DEBIT,OTHER
UPI/REVERSAL,CREDIT,REFUND_CASHBACK
UPI/36856/,DEBIT,OTHER
UPI/36857,DEBIT,OTHER
UPI/36858,DEBIT,OTHER
UPI/33194,DEBIT,OTHER
UPI/36853,DEBIT,OTHER
UPI/33200,DEBIT,OTHER
BY CASH,CREDIT,SELF_TRANSFER
UPI/36879,DEBIT,OTHER
UPI/FASHIONEAZY,DEBIT,SHOPPING
UPI/36871,DEBIT,OTHER
UPI/36881,DEBIT,OTHER
UPI/PAYTMNA,DEBIT,OTHER
UPI/33234,DEBIT,OTHER
UPI/33249,DEBIT,OTHER
UPI/36921,DEBIT,OTHER
UPI/33267,DEBIT,OTHER
UPI/33279,CREDIT,OTHER
UPI/36936,CREDIT,OTHER
UPI/36947,DEBIT,OTHER
UPI/33287,DEBIT,OTHER
UPI/AIRTELPREDIRECT,DEBIT,BILLS_UTILITIES
UPI/33293,DEBIT,OTHER
UPI/33308,DEBIT,OTHER
UPI/36963,DEBIT,OTHER
UPI/36978,DEBIT,OTHER
UPI/3698,CREDIT,OTHER
UPI/36989,DEBIT,OTHER
UPI/33333,DEBIT,OTHER
UPI/36992,DEBIT,OTHER
UPI/33331,DEBIT,OTHER
UPI/36990,DEBIT,OTHER
UPI/3699,DEBIT,OTHER
UPI/3699,CREDIT,OTHER
UPI/PAYTMfp,DEBIT,OTHER
UPI/33357,DEBIT,OTHER
UPI/33354,DEBIT,OTHER
UPI/3702,DEBIT,OTHER
UPI/33369,DEBIT,OTHER
UPI/3703,DEBIT,OTHER
UPI/37044,DEBIT,OTHER
UPI/33395,DEBIT,OTHER
UPI/37063,DEBIT,OTHER
UPI/3707,CREDIT,OTHER
UPI/33416,DEBIT,OTHER
UPI/37071,DEBIT,OTHER
UPI/37090,DEBIT,OTHER
UPI/33430,DEBIT,OTHER
UPI/3710,DEBIT,OTHER
UPI/37101-,DEBIT,OTHER
UPI/33458,DEBIT,OTHER
UPI/37133,DEBIT,OTHER
UPI/37136,DEBIT,OTHER
UPI/33481,DEBIT,OTHER
UPI/37144,DEBIT,OTHER
UPI/37157,DEBIT,OTHER
UPI/33502,DEBIT,OTHER
UPI/33518,CREDIT,OTHER
UPI/37176,DEBIT,OTHER
UPI/33519,DEBIT,OTHER
UPI/3717,DEBIT,OTHER
UPI/37185/,DEBIT,OTHER
UPI/33535,DEBIT,OTHER
UPI/PAYTMvp,DEBIT,OTHER
UPI/37208,DEBIT,OTHER
UPI/37210,DEBIT,OTHER
UPI/37227,DEBIT,OTHER
UPI/37226,DEBIT,OTHER
UPI/37249,DEBIT,OTHER
UPI/33584,DEBIT,OTHER
UPI/33586,DEBIT,OTHER
UPI/37240,DEBIT,OTHER
UPI/37256,DEBIT,OTHER
UPI/33597,CREDIT,OTHER
UPI/33592/goog-payment,CREDIT,REFUND_CASHBACK
UPI/33594,DEBIT,OTHER
UPI/37252,DEBIT,OTHER
UPI/33610,DEBIT,OTHER
UPI/37273,DEBIT,OTHER
UPI/33613,DEBIT,OTHER
UPI/3727,DEBIT,OTHER
UPI/3728,DEBIT,OTHER
UPI/3729,DEBIT,OTHER
UPI/33647,DEBIT,OTHER
UPI/3730,DEBIT,OTHER
UPI/3731,CREDIT,OTHER
UPI/4367,CREDIT,OTHER
UPI/43677,DEBIT,OTHER
UPI/40013/,CREDIT,OTHER
UPI/43672,DEBIT,OTHER
UPI/43681,DEBIT,OTHER
UPI/43683,DEBIT,OTHER
UPI/43685,DEBIT,OTHER
UPI/43699,DEBIT,OTHER
UPI/43747/,DEBIT,OTHER
UPI/40084/,DEBIT,OTHER
UPI/40086/,DEBIT,OTHER
UPI/40101,DEBIT,OTHER
UPI/40108,DEBIT,OTHER
UPI/4376,CREDIT,OTHER
UPI/43775,DEBIT,OTHER
UPI/43787,DEBIT,OTHER
UPI/40123,DEBIT,OTHER
UPI/43791,DEBIT,OTHER
UPI/40135,DEBIT,OTHER
UPI/43817,DEBIT,OTHER
UPI/43811,DEBIT,OTHER
UPI/43824,DEBIT,OTHER
UPI/40168/,CREDIT,OTHER
UPI/4383,DEBIT,OTHER
UPI/43846,DEBIT,OTHER
Gpay BILL Payment,DEBIT,BILLS_UTILITIES
UPI/43857/,DEBIT,OTHER
UPI/43856/,DEBIT,OTHER
UPI/43876,DEBIT,OTHER
UPI/40220/UP,DEBIT,OTHER
UPI/40246,DEBIT,OTHER
UPI/43923-,DEBIT,OTHER
UPI/43933,DEBIT,OTHER
UPI/40278,DEBIT,OTHER
UPI/40279,DEBIT,OTHER
UPI/43941,DEBIT,OTHER
UPI/40295/,CREDIT,OTHER
UPI/40300/,DEBIT,OTHER
UPI/40308,DEBIT,OTHER
UPI/43972,DEBIT,OTHER
UPI/43970/,CREDIT,OTHER
UPI/43975,DEBIT,OTHER
5188810000,CREDIT,OTHER
UPI/40344/,CREDIT,OTHER
UPI/40340/,DEBIT,OTHER
UPI/40353,DEBIT,OTHER
UPI/44024/,DEBIT,OTHER
UPI/44022/U,DEBIT,OTHER
UPI/40379,DEBIT,OTHER
UPI/44049,DEBIT,OTHER
UPI/4404,DEBIT,OTHER
UPI/40397,DEBIT,OTHER
UPI/40391,DEBIT,OTHER
UPI/40411,DEBIT,OTHER
UPI/40423,DEBIT,OTHER
UPI/40426/,CREDIT,OTHER
UPI/4409,CREDIT,OTHER
UPI/40437,DEBIT,OTHER
UPI/40448,DEBIT,OTHER
UPI/44103/,DEBIT,OTHER
UPI/4410,DEBIT,OTHER
UPI/40453/,DEBIT,OTHER
UPI/44115/,DEBIT,OTHER
UPI/44112/,DEBIT,OTHER
UPI/44112,DEBIT,OTHER
UPI/40465//U,CREDIT,OTHER
UPI/4412,CREDIT,OTHER
UPI/40472,DEBIT,OTHER
UPI/44134,DEBIT,OTHER
UPI/40484/,DEBIT,OTHER
UPI/44160,DEBIT,OTHER
UPI/40501/,CREDIT,OTHER
UPI/40501/,DEBIT,OTHER
UPI/4417,CREDIT,OTHER
UPI/44194,DEBIT,OTHER
UPI/40543//U,DEBIT,OTHER
UPI/40552,DEBIT,OTHER
UPI/44219/-2ybl/Pa,CREDIT,OTHER
UPI/40552//U,CREDIT,OTHER
UPI/40563,DEBIT,OTHER
UPI/40564//U,CREDIT,OTHER
UPI/44224,DEBIT,OTHER
UPI/4422,CREDIT,OTHER
UPI/44239,DEBIT,OTHER
UPI/40597//U,CREDIT,OTHER
UPI/4425,CREDIT,OTHER
UPI/40602,DEBIT,OTHER
UPI/44268/-,DEBIT,OTHER
UPI/44272,DEBIT,OTHER
UPI/40618/-P,DEBIT,OTHER
UPI/44283,DEBIT,OTHER
UPI/40630,DEBIT,OTHER
UPI/40633,DEBIT,OTHER
UPI/44292,DEBIT,OTHER
UPI/4429,CREDIT,OTHER
UPI/40635,DEBIT,OTHER
UPI/44308,DEBIT,OTHER
UPI/40640/U,CREDIT,OTHER
UPI/44306,DEBIT,OTHER
UPI/44301/,DEBIT,OTHER
UPI/44304,DEBIT,OTHER
UPI/40664,DEBIT,OTHER
UPI/44325,DEBIT,OTHER
UPI/44328/,CREDIT,OTHER
UPI/44323/a,CREDIT,OTHER
UPI/4432,CREDIT,OTHER
UPI/40675/,DEBIT,OTHER
UPI/44340,DEBIT,OTHER
UPI/44351,DEBIT,OTHER
UPI/40696,DEBIT,OTHER
UPI/40714/,DEBIT,OTHER
UPI/44399,DEBIT,OTHER
UPI/40740,DEBIT,OTHER
UPI/44401,DEBIT,OTHER
UPI/44404/,CREDIT,OTHER
UPI/44416,DEBIT,OTHER
UPI/40754,DEBIT,OTHER
UPI/44412,DEBIT,OTHER
UPI/40770,DEBIT,OTHER
UPI/40788,DEBIT,OTHER
UPI/44458,DEBIT,OTHER
UPI/44465,DEBIT,OTHER
UPI/40806,DEBIT,OTHER
UPI/40804,DEBIT,OTHER
UPI/44470,DEBIT,OTHER
UPI/4448,CREDIT,OTHER
UPI/40821,DEBIT,OTHER
UPI/40846/-2,DEBIT,OTHER
UPI/4084,CREDIT,OTHER
UPI/44505,DEBIT,OTHER
UPI/40840,DEBIT,OTHER
UPI/4451,CREDIT,OTHER
UPI/40861,DEBIT,OTHER
UPI/44535,DEBIT,OTHER
UPI/EAZYPAY,DEBIT,OTHER
UPI/44544,CREDIT,OTHER
UPI/40883,DEBIT,OTHER
UPI/4454,CREDIT,OTHER
UPI/40891,DEBIT,OTHER
UPI/44561,DEBIT,OTHER
UPI/40914/,CREDIT,OTHER
UPI/40912,DEBIT,OTHER
UPI/CLOTHFASHION,DEBIT,SHOPPING
UPI/40925,DEBIT,OTHER
UPI/44588,DEBIT,OTHER
UPI/4458,CREDIT,OTHER
UPI/40921,DEBIT,OTHER
UPI/44562,CREDIT,OTHER
UPI/4093,DEBIT,OTHER
UPI/40959,DEBIT,OTHER
UPI/40954,DEBIT,OTHER
UPI/40968,DEBIT,OTHER
UPI/40977/,DEBIT,OTHER
UPI/40976,DEBIT,OTHER
UPI/40970/,DEBIT,OTHER
UPI/40982/,DEBIT,OTHER
UPI/40986,DEBIT,OTHER
UPI/40989/,CREDIT,OTHER
UPI/4464,DEBIT,OTHER
UPI/44663,DEBIT,OTHER
UPI/41001,DEBIT,OTHER
UPI/4466,DEBIT,OTHER
UPI/4467,DEBIT,OTHER
UPI/44685,DEBIT,OTHER
UPI/44698,DEBIT,OTHER
UPI/41036,DEBIT,OTHER
UPI/4103,CREDIT,OTHER
UPI/44693/,DEBIT,OTHER
UPI/41043/-1,DEBIT,OTHER
UPI/44702/Pay,CREDIT,OTHER
UPI/44712//Pay,DEBIT,OTHER
UPI/44716/,DEBIT,OTHER
UPI/44724/,DEBIT,OTHER
UPI/41066/,DEBIT,OTHER
UPI/44728,DEBIT,OTHER
UPI/44741,DEBIT,OTHER
UPI/41081,DEBIT,OTHER
UPI/41080/,DEBIT,OTHER
UPI/PAYTM8p,DEBIT,OTHER
UPI/41098,DEBIT,OTHER
UPI/44767/o,DEBIT,OTHER
UPI/44763,DEBIT,OTHER
UPI/4476,DEBIT,OTHER
UPI/44779,DEBIT,OTHER
UPI/41110,DEBIT,OTHER
UPI/4477,DEBIT,OTHER
EURO Net BILL,DEBIT,BILLS_UTILITIES
UPI/41146,DEBIT,OTHER
UPI/41150/autopayhdfcbank,DEBIT,OTHER
UPI/41150/autopayhdfcbank,CREDIT,OTHER
UPI/41176/,DEBIT,OTHER
AMZN/,DEBIT,SHOPPING
UPI/4484,DEBIT,OTHER
UPI/4485,DEBIT,OTHER
UPI/44851,CREDIT,OTHER
UPI/41198/,CREDIT,OTHER
UPI/44852/JIOINAPPDIRECT,DEBIT,BILLS_UTILITIES
UPI/4487,DEBIT,OTHER
UPI/41213,DEBIT,OTHER
UPI/41,DEBIT,OTHER
UPI/41232,DEBIT,OTHER
UPI/41234,DEBIT,OTHER
UPI/PAYTMmp,DEBIT,OTHER
UPI/41252,DEBIT,OTHER
UPI/4492,DEBIT,OTHER
UPI/41267,DEBIT,OTHER
UPI/4493,DEBIT,OTHER
UPI/4494,DEBIT,OTHER
UPI/4494,CREDIT,OTHER
UPI/41284,DEBIT,OTHER
UPI/GPAYRECHARGE,DEBIT,BILLS_UTILITIES
UPI/41296,DEBIT,OTHER
UPI/4495,CREDIT,OTHER
UPI/4496,DEBIT,OTHER
UPI/PAYTMlp,DEBIT,OTHER
UPI/44964,DEBIT,OTHER
UPI/44971,CREDIT,OTHER
UPI/4497,DEBIT,OTHER
UPI/4498,DEBIT,OTHER
UPI/44987,DEBIT,OTHER
UPI/4499,DEBIT,OTHER
UPI/41331,DEBIT,OTHER
UPI/4500,DEBIT,OTHER
UPI/45003,DEBIT,OTHER
UPI/41350,DEBIT,OTHER
UPI/45025/JIOINAPPDIRECT,DEBIT,BILLS_UTILITIES
UPI/4502,DEBIT,OTHER
UPI/45028/JIOINAPPDIRECT,DEBIT,BILLS_UTILITIES
UPI/41374,CREDIT,OTHER
UPI/4503,DEBIT,OTHER
UPI/4504,DEBIT,OTHER
UPI/41382,DEBIT,OTHER
UPI/45051/JIOINAPPDIRECT,DEBIT,BILLS_UTILITIES
UPI/41394/LOAD/LITE,DEBIT,SELF_TRANSFER
UPI/4506,DEBIT,OTHER
UPI/4506,CREDIT,OTHER
UPI/41402,DEBIT,OTHER
UPI/45065/JIOINAPPDIRECT,DEBIT,BILLS_UTILITIES
UPI/4508,DEBIT,OTHER
UPI/41420,DEBIT,OTHER
UPI/45095/JIOINAPPDIRECT,DEBIT,BILLS_UTILITIES
UPI/4509,DEBIT,OTHER
UPI/45096,CREDIT,OTHER
UPI/45090,DEBIT,OTHER
UPI/PAYTM5p,DEBIT,OTHER
UPI/4510,DEBIT,OTHER
UPI/41448,DEBIT,OTHER
UPI/41451,DEBIT,OTHER
UPI/41454/REVERSAL,CREDIT,REFUND_CASHBACK
UPI/4512,DEBIT,OTHER
UPI/PAYTMtm,DEBIT,OTHER
UPI/45138,DEBIT,OTHER
UPI/PAYTMup,DEBIT,OTHER
UPI/4514,DEBIT,OTHER
UPI/4150,CREDIT,OTHER
UPI/4516,DEBIT,OTHER
UPI/4517,DEBIT,OTHER
