narration,type,amount,label,predicted,confidence,category
GAS FILLING STATION,DEBIT,100.0,FUEL,FUEL,1.0,FUEL
5188810,CREDIT,15.0,OTHER,TRANSFER_IN,0.733,TRANSFER_IN
ATM,DEBIT,1000.0,CASH_WITHDRAWAL,CASH_WITHDRAWAL,1.0,CASH_WITHDRAWAL
UPI/3234,DEBIT,1.0,OTHER,OTHER,0.995,OTHER
UPI/3234,CREDIT,3000.0,OTHER,OTHER,0.994,OTHER
UPI/32345,CREDIT,300.0,OTHER,OTHER,0.991,OTHER
UPI/3235,DEBIT,1200.0,OTHER,OTHER,0.998,OTHER
UPI/ent,CREDIT,400.0,OTHER,TRANSFER_IN,0.87,TRANSFER_IN
UPI/3236,CREDIT,500.0,OTHER,OTHER,0.991,OTHER
UPI/3236,DEBIT,140.0,OTHER,OTHER,0.998,OTHER
UPI/BHARATPE6,DEBIT,80.0,OTHER,OTHER,0.955,OTHER
UPI/3237,DEBIT,2480.0,OTHER,OTHER,0.997,OTHER
UPI/32372,DEBIT,1450.0,OTHER,OTHER,0.998,OTHER
UPI/BHARATPE,DEBIT,120.0,OTHER,OTHER,0.995,OTHER
UPI/36035,CREDIT,480.0,OTHER,OTHER,0.991,OTHER
IMPS,CREDIT,1.0,OTHER,OTHER,0.956,OTHER
UPI/PAYTM,DEBIT,1.0,OTHER,OTHER,0.998,OTHER
UPI/32375,DEBIT,1.0,OTHER,OTHER,0.995,OTHER
UPI/32378/goog-payment,CREDIT,21.0,REFUND_CASHBACK,REFUND_CASHBACK,0.969,REFUND_CASHBACK
NEFT,CREDIT,1.0,OTHER,OTHER,0.901,OTHER
UPI/3603,DEBIT,30.0,OTHER,OTHER,0.996,OTHER
UPI/3238,CREDIT,500.0,OTHER,OTHER,0.991,OTHER
UPI/32382,CREDIT,500.0,OTHER,OTHER,0.991,OTHER
UPI/32384,CREDIT,700.0,OTHER,OTHER,0.992,OTHER
UPI/32394,DEBIT,1.0,OTHER,OTHER,0.995,OTHER
UPI/3239,DEBIT,1499.0,OTHER,OTHER,0.998,OTHER
UPI/32390/,CREDIT,240.0,OTHER,OTHER,0.994,OTHER
AMZN,DEBIT,10.0,SHOPPING,SHOPPING,0.88,SHOPPING
UPI/3241,DEBIT,1200.0,OTHER,OTHER,0.998,OTHER
UPI/JIOINAPPDIRECT/,DEBIT,15.0,BILLS_UTILITIES,BILLS_UTILITIES,0.99,BILLS_UTILITIES
UPI/PAYTMNA,CREDIT,1200.0,OTHER,OTHER,0.927,OTHER
UPI/3609,DEBIT,200.0,OTHER,OTHER,0.998,OTHER
UPI/32445,DEBIT,3500.0,OTHER,OTHER,0.997,OTHER
UPI/3612,CREDIT,34.0,OTHER,OTHER,0.992,OTHER
UPI/32479,CREDIT,460.0,OTHER,OTHER,0.991,OTHER
UPI/3613,DEBIT,200.0,OTHER,OTHER,0.998,OTHER
UPI/3248,CREDIT,200.0,OTHER,OTHER,0.994,OTHER
UPI/PAYTMPa,DEBIT,10.0,OTHER,OTHER,0.872,OTHER
UPI/3252,DEBIT,1.0,OTHER,OTHER,0.995,OTHER
UPI/3618,DEBIT,499.0,OTHER,OTHER,0.997,OTHER
UPI/3620,DEBIT,10.0,OTHER,OTHER,0.993,OTHER
UPI/36211,DEBIT,10.0,OTHER,OTHER,0.993,OTHER
UPI/36222,DEBIT,3000.0,OTHER,OTHER,0.997,OTHER
UPI/32578,DEBIT,140.0,OTHER,OTHER,0.998,OTHER
UPI/32571,DEBIT,120.0,OTHER,OTHER,0.996,OTHER
UPI/32576,DEBIT,50.0,OTHER,OTHER,0.996,OTHER
UPI/32581,DEBIT,40.0,OTHER,OTHER,0.996,OTHER
UPI/36250,DEBIT,110.0,OTHER,OTHER,0.996,OTHER
UPI/3626,CREDIT,50.0,OTHER,OTHER,0.992,OTHER
UPI/JIOINAPPDIRECT,DEBIT,19.0,BILLS_UTILITIES,BILLS_UTILITIES,0.995,BILLS_UTILITIES
UPI/PAYTM101,DEBIT,10.0,OTHER,OTHER,0.991,OTHER
UPI/36298/,DEBIT,60.0,OTHER,OTHER,0.997,OTHER
UPI/3630,DEBIT,3500.0,OTHER,OTHER,0.997,OTHER
UPI/3264,CREDIT,1.0,OTHER,OTHER,0.991,OTHER
UPI/32655,DEBIT,50.0,OTHER,OTHER,0.996,OTHER
UPI/36311,DEBIT,1530.0,OTHER,OTHER,0.998,OTHER
UPI/32659,DEBIT,2940.0,OTHER,OTHER,0.997,OTHER
UPI/32654,DEBIT,500.0,OTHER,OTHER,0.997,OTHER
UPI/36318,DEBIT,40.0,OTHER,OTHER,0.996,OTHER
UPI/GPAY,DEBIT,20.0,OTHER,OTHER,0.997,OTHER
UPI/3268,CREDIT,20.0,OTHER,OTHER,0.995,OTHER
UPI/PAYTMep,DEBIT,20.0,OTHER,OTHER,0.957,OTHER
UPI/36341,DEBIT,40.0,OTHER,OTHER,0.996,OTHER
UPI/32691,DEBIT,1.0,OTHER,OTHER,0.995,OTHER
UPI/36352,DEBIT,3000.0,OTHER,OTHER,0.997,OTHER
UPI/36351,DEBIT,1000.0,OTHER,OTHER,0.998,OTHER
UPI/32695,CREDIT,400.0,OTHER,OTHER,0.991,OTHER
UPI/3270,CREDIT,200.0,OTHER,OTHER,0.994,OTHER
UPI/32709,DEBIT,200.0,OTHER,OTHER,0.998,OTHER
UPI/32706,DEBIT,200.0,OTHER,OTHER,0.998,OTHER
UPI/36367,DEBIT,100.0,OTHER,OTHER,0.996,OTHER
UPI/32712,DEBIT,1280.0,OTHER,OTHER,0.998,OTHER
UPI/36370,DEBIT,10.0,OTHER,OTHER,0.993,OTHER
UPI/36381,DEBIT,500.0,OTHER,OTHER,0.997,OTHER
UPI/PAYTMap,DEBIT,35.0,OTHER,OTHER,0.936,OTHER
UPI/32738,DEBIT,130.0,OTHER,OTHER,0.998,OTHER
UPI/36406,DEBIT,1.0,OTHER,OTHER,0.995,OTHER
UPI/36408,DEBIT,4000.0,OTHER,OTHER,0.997,OTHER
UPI/PAYTM9p,DEBIT,370.0,OTHER,OTHER,0.904,OTHER
UPI/36421,DEBIT,10.0,OTHER,OTHER,0.993,OTHER
UPI/32770,DEBIT,40.0,OTHER,OTHER,0.996,OTHER
UPI/32775,DEBIT,10.0,OTHER,OTHER,0.993,OTHER
UPI/36435,DEBIT,30.0,OTHER,OTHER,0.996,OTHER
UPI/32789,CREDIT,200.0,OTHER,OTHER,0.994,OTHER
UPI/32783,DEBIT,30.0,OTHER,OTHER,0.996,OTHER
UPI/32784,DEBIT,160.0,OTHER,OTHER,0.998,OTHER
UPI/32795,DEBIT,226.0,OTHER,OTHER,0.998,OTHER
UPI/36454,DEBIT,10.0,OTHER,OTHER,0.993,OTHER
UPI/3645,CREDIT,700.0,OTHER,OTHER,0.992,OTHER
UPI/3279,CREDIT,220.0,OTHER,OTHER,0.994,OTHER
UPI/36458,DEBIT,30.0,OTHER,OTHER,0.996,OTHER
UPI/GPAYBILLREACHARGE,DEBIT,19.0,BILLS_UTILITIES,BILLS_UTILITIES,0.576,BILLS_UTILITIES
UPI/36462,DEBIT,20.0,OTHER,OTHER,0.996,OTHER
UPI/32802,DEBIT,330.0,OTHER,OTHER,0.997,OTHER
UPI/3647,CREDIT,1900.0,OTHER,OTHER,0.993,OTHER
UPI/36486,DEBIT,2000.0,OTHER,OTHER,0.998,OTHER
UPI/BHARATPE4,DEBIT,50.0,OTHER,OTHER,0.946,OTHER
UPI/3648,CREDIT,100.0,OTHER,OTHER,0.988,OTHER
UPI/36499,DEBIT,5.0,OTHER,OTHER,0.995,OTHER
UPI/32841,DEBIT,500.0,OTHER,OTHER,0.997,OTHER
UPI/3650,DEBIT,100.0,OTHER,OTHER,0.996,OTHER
UPI/36509,DEBIT,100.0,OTHER,OTHER,0.996,OTHER
UPI/3285,CREDIT,200.0,OTHER,OTHER,0.994,OTHER
UPI/36530,DEBIT,10.0,OTHER,OTHER,0.993,OTHER
UPI/32880,DEBIT,55.0,OTHER,OTHER,0.996,OTHER
UPI/32883,DEBIT,300.0,OTHER,OTHER,0.997,OTHER
UPI/PAYTMdp,DEBIT,50.0,OTHER,OTHER,0.909,OTHER
UPI/3289,DEBIT,1000.0,OTHER,OTHER,0.998,OTHER
UPI/32925,DEBIT,25.0,OTHER,OTHER,0.996,OTHER
UPI/32924,DEBIT,10.0,OTHER,OTHER,0.993,OTHER
UPI/32931/,DEBIT,500.0,OTHER,OTHER,0.998,OTHER
UPI/36597,DEBIT,40.0,OTHER,OTHER,0.996,OTHER
UPI/36606,DEBIT,136.0,OTHER,OTHER,0.998,OTHER
UPI/36613,DEBIT,200.0,OTHER,OTHER,0.998,OTHER
UPI/32958,DEBIT,10.0,OTHER,OTHER,0.993,OTHER
UPI/3296,CREDIT,100.0,OTHER,OTHER,0.988,OTHER
UPI/36636,DEBIT,43.0,OTHER,OTHER,0.996,OTHER
UPI/32971,CREDIT,100.0,OTHER,OTHER,0.988,OTHER
UPI/32975,DEBIT,200.0,OTHER,OTHER,0.998,OTHER
UPI/36640/U,DEBIT,60.0,OTHER,OTHER,0.992,OTHER
UPI/36655,DEBIT,10.0,OTHER,OTHER,0.993,OTHER
UPI/EURONETGPAY,DEBIT,239.0,BILLS_UTILITIES,BILLS_UTILITIES,0.99,BILLS_UTILITIES
UPI/PAYTM,CREDIT,400.0,OTHER,OTHER,0.994,OTHER
UPI/36671,DEBIT,215.0,OTHER,OTHER,0.998,OTHER
UPI/33035,DEBIT,22.0,OTHER,OTHER,0.996,OTHER
UPI/3303,CREDIT,200.0,OTHER,OTHER,0.994,OTHER
UPI/36716,DEBIT,145.0,OTHER,OTHER,0.998,OTHER
UPI/33061,DEBIT,500.0,OTHER,OTHER,0.997,OTHER
UPI/33060,DEBIT,10.0,OTHER,OTHER,0.993,OTHER
UPI/PAYTMwp,DEBIT,150.0,OTHER,OTHER,0.929,OTHER
UPI/33078,DEBIT,180.0,OTHER,OTHER,0.998,OTHER
UPI/36746,DEBIT,500.0,OTHER,OTHER,0.997,OTHER
UPI/BILLDESKRECHARGE,DEBIT,19.0,BILLS_UTILITIES,BILLS_UTILITIES,0.996,BILLS_UTILITIES
UPI/33095,DEBIT,20.0,OTHER,OTHER,0.996,OTHER
UPI/3310,CREDIT,200.0,OTHER,OTHER,0.994,OTHER
UPI/36763,DEBIT,200.0,OTHER,OTHER,0.998,OTHER
UPI/36761,DEBIT,105.0,OTHER,OTHER,0.996,OTHER
UPI/33115,DEBIT,51.0,OTHER,OTHER,0.996,OTHER
UPI/33113,DEBIT,500.0,OTHER,OTHER,0.997,OTHER
UPI/36774,DEBIT,10.0,OTHER,OTHER,0.993,OTHER
UPI/33112,DEBIT,50.0,OTHER,OTHER,0.996,OTHER
UPI/3312,CREDIT,180.0,OTHER,OTHER,0.994,OTHER
518881000,CREDIT,15.0,OTHER,TRANSFER_IN,0.733,TRANSFER_IN
UPI/33128/,DEBIT,50.0,OTHER,OTHER,0.997,OTHER
UPI/33131,CREDIT,200.0,OTHER,OTHER,0.994,OTHER
UPI/33138,DEBIT,140.0,OTHER,OTHER,0.998,OTHER
UPI/PAYTMgp,DEBIT,1250.0,OTHER,OTHER,0.97,OTHER
UPI/36801,DEBIT,50.0,OTHER,OTHER,0.996,OTHER
UPI/33153,DEBIT,40.0,OTHER,OTHER,0.996,OTHER
UPI/3315,CREDIT,170.0,OTHER,OTHER,0.994,OTHER
UPI/3681,DEBIT,330.0,OTHER,OTHER,0.997,OTHER
UPI/33167,DEBIT,1660.0,OTHER,OTHER,0.998,OTHER
UPI/33165,DEBIT,50.0,OTHER,OTHER,0.996,OTHER
UPI/PAYTMnp,DEBIT,300.0,OTHER,OTHER,0.871,OTHER
UPI/33183,CREDIT,1.0,OTHER,OTHER,0.991,OTHER
UPI/33187P,CREDIT,1.0,OTHER,OTHER,0.932,OTHER
UPI/33181,CREDIT,37999.0,OTHER,OTHER,0.995,OTHER
UPI/PAYTMUP,DEBIT,1.0,OTHER,OTHER,0.992,OTHER
UPI/33187,DEBIT,2000.0,OTHER,OTHER,0.998,OTHER
UPI/33182,DEBIT,80.0,OTHER,OTHER,0.996,OTHER
UPI/3685/P,DEBIT,2000.0,OTHER,OTHER,0.998,OTHER
UPI/REVERSAL,CREDIT,2000.0,REFUND_CASHBACK,REFUND_CASHBACK,1.0,REFUND_CASHBACK
UPI/36856/,DEBIT,2000.0,OTHER,OTHER,0.999,OTHER
UPI/36857,DEBIT,1.0,OTHER,OTHER,0.995,OTHER
UPI/36858,DEBIT,10000.0,OTHER,OTHER,0.994,OTHER
UPI/33194,DEBIT,500.0,OTHER,OTHER,0.997,OTHER
UPI/36853,DEBIT,10.0,OTHER,OTHER,0.993,OTHER
UPI/33200,DEBIT,1000.0,OTHER,OTHER,0.998,OTHER
BY CASH,CREDIT,45000.0,SELF_TRANSFER,SELF_TRANSFER,0.979,SELF_TRANSFER
UPI/36879,DEBIT,2000.0,OTHER,OTHER,0.998,OTHER
UPI/FASHIONEAZY,DEBIT,21000.0,SHOPPING,SHOPPING,0.998,SHOPPING
UPI/36871,DEBIT,5200.0,OTHER,OTHER,0.997,OTHER
UPI/36881,DEBIT,300.0,OTHER,OTHER,0.997,OTHER
UPI/PAYTMNA,DEBIT,499.0,OTHER,OTHER,0.864,OTHER
UPI/33234,DEBIT,20.0,OTHER,OTHER,0.996,OTHER
UPI/33249,DEBIT,200.0,OTHER,OTHER,0.998,OTHER
UPI/36921,DEBIT,200.0,OTHER,OTHER,0.998,OTHER
UPI/33267,DEBIT,290.0,OTHER,OTHER,0.997,OTHER
UPI/33279,CREDIT,100.0,OTHER,OTHER,0.988,OTHER
UPI/36936,CREDIT,100.0,OTHER,OTHER,0.988,OTHER
UPI/36947,DEBIT,10.0,OTHER,OTHER,0.993,OTHER
UPI/33287,DEBIT,60.0,OTHER,OTHER,0.996,OTHER
UPI/AIRTELPREDIRECT,DEBIT,241.0,BILLS_UTILITIES,BILLS_UTILITIES,0.995,BILLS_UTILITIES
UPI/33293,DEBIT,200.0,OTHER,OTHER,0.998,OTHER
UPI/33308,DEBIT,1.0,OTHER,OTHER,0.995,OTHER
UPI/36963,DEBIT,5000.0,OTHER,OTHER,0.997,OTHER
UPI/36978,DEBIT,120.0,OTHER,OTHER,0.996,OTHER
UPI/3698,CREDIT,100.0,OTHER,OTHER,0.988,OTHER
UPI/36989,DEBIT,150.0,OTHER,OTHER,0.998,OTHER
UPI/33333,DEBIT,19000.0,OTHER,OTHER,0.991,OTHER
UPI/36992,DEBIT,12700.0,OTHER,OTHER,0.994,OTHER
UPI/33331,DEBIT,100.0,OTHER,OTHER,0.996,OTHER
UPI/36990,DEBIT,1.0,OTHER,OTHER,0.995,OTHER
UPI/3699,DEBIT,1.0,OTHER,OTHER,0.995,OTHER
UPI/3699,CREDIT,2000.0,OTHER,OTHER,0.993,OTHER
UPI/PAYTMfp,DEBIT,90.0,OTHER,OTHER,0.956,OTHER
UPI/33357,DEBIT,40.0,OTHER,OTHER,0.996,OTHER
UPI/33354,DEBIT,250.0,OTHER,OTHER,0.998,OTHER
UPI/3702,DEBIT,500.0,OTHER,OTHER,0.997,OTHER
UPI/33369,DEBIT,40.0,OTHER,OTHER,0.996,OTHER
UPI/3703,DEBIT,1000.0,OTHER,OTHER,0.998,OTHER
UPI/37044,DEBIT,1550.0,OTHER,OTHER,0.998,OTHER
UPI/33395,DEBIT,200.0,OTHER,OTHER,0.998,OTHER
UPI/37063,DEBIT,138.0,OTHER,OTHER,0.998,OTHER
UPI/3707,CREDIT,150.0,OTHER,OTHER,0.994,OTHER
UPI/33416,DEBIT,18.0,OTHER,OTHER,0.996,OTHER
UPI/37071,DEBIT,70.0,OTHER,OTHER,0.996,OTHER
UPI/37090,DEBIT,120.0,OTHER,OTHER,0.996,OTHER
UPI/33430,DEBIT,40.0,OTHER,OTHER,0.996,OTHER
UPI/3710,DEBIT,10.0,OTHER,OTHER,0.993,OTHER
UPI/37101-,DEBIT,5.0,OTHER,OTHER,0.991,OTHER
UPI/33458,DEBIT,30.0,OTHER,OTHER,0.996,OTHER
UPI/37133,DEBIT,55.0,OTHER,OTHER,0.996,OTHER
UPI/37136,DEBIT,195.0,OTHER,OTHER,0.998,OTHER
UPI/33481,DEBIT,10.0,OTHER,OTHER,0.993,OTHER
UPI/37144,DEBIT,2000.0,OTHER,OTHER,0.998,OTHER
UPI/37157,DEBIT,30.0,OTHER,OTHER,0.996,OTHER
UPI/33502,DEBIT,500.0,OTHER,OTHER,0.997,OTHER
UPI/33518,CREDIT,500.0,OTHER,OTHER,0.991,OTHER
UPI/37176,DEBIT,120.0,OTHER,OTHER,0.996,OTHER
UPI/33519,DEBIT,20.0,OTHER,OTHER,0.996,OTHER
UPI/3717,DEBIT,30.0,OTHER,OTHER,0.996,OTHER
UPI/37185/,DEBIT,1300.0,OTHER,OTHER,0.999,OTHER
UPI/33535,DEBIT,500.0,OTHER,OTHER,0.997,OTHER
UPI/PAYTMvp,DEBIT,25.0,OTHER,OTHER,0.937,OTHER
UPI/37208,DEBIT,900.0,OTHER,OTHER,0.998,OTHER
UPI/37210,DEBIT,500.0,OTHER,OTHER,0.997,OTHER
UPI/37227,DEBIT,30.0,OTHER,OTHER,0.996,OTHER
UPI/37226,DEBIT,25.0,OTHER,OTHER,0.996,OTHER
UPI/37249,DEBIT,55.0,OTHER,OTHER,0.996,OTHER
UPI/33584,DEBIT,3000.0,OTHER,OTHER,0.997,OTHER
UPI/33586,DEBIT,500.0,OTHER,OTHER,0.997,OTHER
UPI/37240,DEBIT,500.0,OTHER,OTHER,0.997,OTHER
UPI/37256,DEBIT,1000.0,OTHER,OTHER,0.998,OTHER
UPI/33597,CREDIT,700.0,OTHER,OTHER,0.992,OTHER
UPI/33592/goog-payment,CREDIT,1.0,REFUND_CASHBACK,REFUND_CASHBACK,0.967,REFUND_CASHBACK
UPI/33594,DEBIT,2400.0,OTHER,OTHER,0.997,OTHER
UPI/37252,DEBIT,2520.0,OTHER,OTHER,0.997,OTHER
UPI/33610,DEBIT,5000.0,OTHER,OTHER,0.997,OTHER
UPI/37273,DEBIT,500.0,OTHER,OTHER,0.997,OTHER
UPI/33613,DEBIT,500.0,OTHER,OTHER,0.997,OTHER
UPI/3727,DEBIT,15.0,OTHER,OTHER,0.993,OTHER
UPI/3728,DEBIT,20.0,OTHER,OTHER,0.996,OTHER
UPI/3729,DEBIT,10.0,OTHER,OTHER,0.993,OTHER
UPI/33647,DEBIT,500.0,OTHER,OTHER,0.997,OTHER
UPI/3730,DEBIT,78.0,OTHER,OTHER,0.996,OTHER
UPI/3731,CREDIT,700.0,OTHER,OTHER,0.992,OTHER
UPI/4367,CREDIT,5000.0,OTHER,OTHER,0.993,OTHER
UPI/43677,DEBIT,1720.0,OTHER,OTHER,0.998,OTHER
UPI/40013/,CREDIT,120.0,OTHER,OTHER,0.987,OTHER
UPI/43672,DEBIT,3375.0,OTHER,OTHER,0.997,OTHER
UPI/43681,DEBIT,500.0,OTHER,OTHER,0.997,OTHER
UPI/43683,DEBIT,60.0,OTHER,OTHER,0.996,OTHER
UPI/43685,DEBIT,250.0,OTHER,OTHER,0.998,OTHER
UPI/43699,DEBIT,20.0,OTHER,OTHER,0.996,OTHER
UPI/43747/,DEBIT,500.0,OTHER,OTHER,0.998,OTHER
UPI/40084/,DEBIT,500.0,OTHER,OTHER,0.998,OTHER
UPI/40086/,DEBIT,200.0,OTHER,OTHER,0.998,OTHER
UPI/40101,DEBIT,500.0,OTHER,OTHER,0.997,OTHER
UPI/40108,DEBIT,140.0,OTHER,OTHER,0.998,OTHER
UPI/4376,CREDIT,1.0,OTHER,OTHER,0.991,OTHER
UPI/43775,DEBIT,1000.0,OTHER,OTHER,0.998,OTHER
UPI/43787,DEBIT,110.0,OTHER,OTHER,0.996,OTHER
UPI/40123,DEBIT,220.0,OTHER,OTHER,0.998,OTHER
UPI/43791,DEBIT,500.0,OTHER,OTHER,0.997,OTHER
UPI/40135,DEBIT,100.0,OTHER,OTHER,0.996,OTHER
UPI/43817,DEBIT,110.0,OTHER,OTHER,0.996,OTHER
UPI/43811,DEBIT,80.0,OTHER,OTHER,0.996,OTHER
UPI/43824,DEBIT,10.0,OTHER,OTHER,0.993,OTHER
UPI/40168/,CREDIT,150.0,OTHER,OTHER,0.994,OTHER
UPI/4383,DEBIT,10.0,OTHER,OTHER,0.993,OTHER
UPI/43846,DEBIT,300.0,OTHER,OTHER,0.997,OTHER
Gpay BILL Payment,DEBIT,15.0,BILLS_UTILITIES,BILLS_UTILITIES,0.707,BILLS_UTILITIES
UPI/43857/,DEBIT,500.0,OTHER,OTHER,0.998,OTHER
UPI/43856/,DEBIT,155.0,OTHER,OTHER,0.998,OTHER
UPI/43876,DEBIT,300.0,OTHER,OTHER,0.997,OTHER
UPI/40220/UP,DEBIT,10.0,OTHER,OTHER,0.938,OTHER
UPI/40246,DEBIT,500.0,OTHER,OTHER,0.997,OTHER
UPI/43923-,DEBIT,260.0,OTHER,OTHER,0.985,OTHER
UPI/43933,DEBIT,120.0,OTHER,OTHER,0.996,OTHER
UPI/40278,DEBIT,500.0,OTHER,OTHER,0.997,OTHER
UPI/40279,DEBIT,35.0,OTHER,OTHER,0.996,OTHER
UPI/43941,DEBIT,800.0,OTHER,OTHER,0.998,OTHER
UPI/40295/,CREDIT,100.0,OTHER,OTHER,0.987,OTHER
UPI/40300/,DEBIT,80.0,OTHER,OTHER,0.997,OTHER
UPI/40308,DEBIT,500.0,OTHER,OTHER,0.997,OTHER
UPI/43972,DEBIT,5000.0,OTHER,OTHER,0.997,OTHER
UPI/43970/,CREDIT,100.0,OTHER,OTHER,0.987,OTHER
UPI/43975,DEBIT,100.0,OTHER,OTHER,0.996,OTHER
5188810000,CREDIT,58.0,OTHER,TRANSFER_IN,0.755,TRANSFER_IN
UPI/40344/,CREDIT,200.0,OTHER,OTHER,0.994,OTHER
UPI/40340/,DEBIT,120.0,OTHER,OTHER,0.997,OTHER
UPI/40353,DEBIT,120.0,OTHER,OTHER,0.996,OTHER
UPI/44024/,DEBIT,50.0,OTHER,OTHER,0.997,OTHER
UPI/44022/U,DEBIT,500.0,OTHER,OTHER,0.993,OTHER
UPI/40379,DEBIT,10.0,OTHER,OTHER,0.993,OTHER
UPI/44049,DEBIT,200.0,OTHER,OTHER,0.998,OTHER
UPI/4404,DEBIT,10.0,OTHER,OTHER,0.993,OTHER
UPI/40397,DEBIT,50.0,OTHER,OTHER,0.996,OTHER
UPI/40391,DEBIT,240.0,OTHER,OTHER,0.998,OTHER
UPI/40411,DEBIT,500.0,OTHER,OTHER,0.997,OTHER
UPI/40423,DEBIT,30.0,OTHER,OTHER,0.996,OTHER
UPI/40426/,CREDIT,200.0,OTHER,OTHER,0.994,OTHER
UPI/4409,CREDIT,10000.0,OTHER,OTHER,0.995,OTHER
UPI/40437,DEBIT,500.0,OTHER,OTHER,0.997,OTHER
UPI/40448,DEBIT,300.0,OTHER,OTHER,0.997,OTHER
UPI/44103/,DEBIT,40.0,OTHER,OTHER,0.997,OTHER
UPI/4410,DEBIT,30.0,OTHER,OTHER,0.996,OTHER
UPI/40453/,DEBIT,1.0,OTHER,OTHER,0.997,OTHER
UPI/44115/,DEBIT,2544.0,OTHER,OTHER,0.999,OTHER
UPI/44112/,DEBIT,100.0,OTHER,OTHER,0.997,OTHER
UPI/44112,DEBIT,60.0,OTHER,OTHER,0.996,OTHER
UPI/40465//U,CREDIT,4.0,OTHER,OTHER,0.995,OTHER
UPI/4412,CREDIT,3000.0,OTHER,OTHER,0.994,OTHER
UPI/40472,DEBIT,40.0,OTHER,OTHER,0.996,OTHER
UPI/44134,DEBIT,180.0,OTHER,OTHER,0.998,OTHER
UPI/40484/,DEBIT,2500.0,OTHER,OTHER,0.999,OTHER
UPI/44160,DEBIT,80.0,OTHER,OTHER,0.996,OTHER
UPI/40501/,CREDIT,40.0,OTHER,OTHER,0.991,OTHER
UPI/40501/,DEBIT,40.0,OTHER,OTHER,0.997,OTHER
UPI/4417,CREDIT,100.0,OTHER,OTHER,0.988,OTHER
UPI/44194,DEBIT,40.0,OTHER,OTHER,0.996,OTHER
UPI/40543//U,DEBIT,200.0,OTHER,OTHER,0.988,OTHER
UPI/40552,DEBIT,35.0,OTHER,OTHER,0.996,OTHER
UPI/44219/-2ybl/Pa,CREDIT,20000.0,OTHER,OTHER,0.752,OTHER
UPI/40552//U,CREDIT,200.0,OTHER,OTHER,0.995,OTHER
UPI/40563,DEBIT,20000.0,OTHER,OTHER,0.991,OTHER
UPI/40564//U,CREDIT,100.0,OTHER,OTHER,0.991,OTHER
UPI/44224,DEBIT,100.0,OTHER,OTHER,0.996,OTHER
UPI/4422,CREDIT,20000.0,OTHER,OTHER,0.994,OTHER
UPI/44239,DEBIT,60.0,OTHER,OTHER,0.996,OTHER
UPI/40597//U,CREDIT,100.0,OTHER,OTHER,0.991,OTHER
UPI/4425,CREDIT,50.0,OTHER,OTHER,0.992,OTHER
UPI/40602,DEBIT,500.0,OTHER,OTHER,0.997,OTHER
UPI/44268/-,DEBIT,200.0,OTHER,OTHER,0.961,OTHER
UPI/44272,DEBIT,500.0,OTHER,OTHER,0.997,OTHER
UPI/40618/-P,DEBIT,50.0,OTHER,OTHER,0.901,OTHER
UPI/44283,DEBIT,10.0,OTHER,OTHER,0.993,OTHER
UPI/40630,DEBIT,95.0,OTHER,OTHER,0.996,OTHER
UPI/40633,DEBIT,55.0,OTHER,OTHER,0.996,OTHER
UPI/44292,DEBIT,10.0,OTHER,OTHER,0.993,OTHER
UPI/4429,CREDIT,200.0,OTHER,OTHER,0.994,OTHER
UPI/40635,DEBIT,18.0,OTHER,OTHER,0.996,OTHER
UPI/44308,DEBIT,20.0,OTHER,OTHER,0.996,OTHER
UPI/40640/U,CREDIT,100.0,OTHER,OTHER,0.982,OTHER
UPI/44306,DEBIT,55.0,OTHER,OTHER,0.996,OTHER
UPI/44301/,DEBIT,30.0,OTHER,OTHER,0.997,OTHER
UPI/44304,DEBIT,60.0,OTHER,OTHER,0.996,OTHER
UPI/40664,DEBIT,60.0,OTHER,OTHER,0.996,OTHER
UPI/44325,DEBIT,420.0,OTHER,OTHER,0.997,OTHER
UPI/44328/,CREDIT,100.0,OTHER,OTHER,0.987,OTHER
UPI/44323/a,CREDIT,100.0,OTHER,OTHER,0.951,OTHER
UPI/4432,CREDIT,100.0,OTHER,OTHER,0.988,OTHER
UPI/40675/,DEBIT,4600.0,OTHER,OTHER,0.998,OTHER
UPI/44340,DEBIT,85.0,OTHER,OTHER,0.996,OTHER
UPI/44351,DEBIT,290.0,OTHER,OTHER,0.997,OTHER
UPI/40696,DEBIT,500.0,OTHER,OTHER,0.997,OTHER
UPI/40714/,DEBIT,200.0,OTHER,OTHER,0.998,OTHER
UPI/44399,DEBIT,59.0,OTHER,OTHER,0.996,OTHER
UPI/40740,DEBIT,5000.0,OTHER,OTHER,0.997,OTHER
UPI/44401,DEBIT,500.0,OTHER,OTHER,0.997,OTHER
UPI/44404/,CREDIT,200.0,OTHER,OTHER,0.994,OTHER
UPI/44416,DEBIT,10.0,OTHER,OTHER,0.993,OTHER
UPI/40754,DEBIT,10.0,OTHER,OTHER,0.993,OTHER
UPI/44412,DEBIT,60.0,OTHER,OTHER,0.996,OTHER
UPI/40770,DEBIT,300.0,OTHER,OTHER,0.997,OTHER
UPI/40788,DEBIT,10.0,OTHER,OTHER,0.993,OTHER
UPI/44458,DEBIT,15.0,OTHER,OTHER,0.993,OTHER
UPI/44465,DEBIT,12000.0,OTHER,OTHER,0.994,OTHER
UPI/40806,DEBIT,500.0,OTHER,OTHER,0.997,OTHER
UPI/40804,DEBIT,125.0,OTHER,OTHER,0.996,OTHER
UPI/44470,DEBIT,170.0,OTHER,OTHER,0.998,OTHER
UPI/4448,CREDIT,3000.0,OTHER,OTHER,0.994,OTHER
UPI/40821,DEBIT,100.0,OTHER,OTHER,0.996,OTHER
UPI/40846/-2,DEBIT,40.0,OTHER,OTHER,0.795,OTHER
UPI/4084,CREDIT,1500.0,OTHER,OTHER,0.993,OTHER
UPI/44505,DEBIT,500.0,OTHER,OTHER,0.997,OTHER
UPI/40840,DEBIT,200.0,OTHER,OTHER,0.998,OTHER
UPI/4451,CREDIT,100.0,OTHER,OTHER,0.988,OTHER
UPI/40861,DEBIT,120.0,OTHER,OTHER,0.996,OTHER
UPI/44535,DEBIT,10.0,OTHER,OTHER,0.993,OTHER
UPI/EAZYPAY,DEBIT,20.0,OTHER,GROCERIES,0.316,OTHER
UPI/44544,CREDIT,500.0,OTHER,OTHER,0.991,OTHER
UPI/40883,DEBIT,5000.0,OTHER,OTHER,0.997,OTHER
UPI/4454,CREDIT,5000.0,OTHER,OTHER,0.993,OTHER
UPI/40891,DEBIT,500.0,OTHER,OTHER,0.997,OTHER
UPI/44561,DEBIT,500.0,OTHER,OTHER,0.997,OTHER
UPI/40914/,CREDIT,20.0,OTHER,OTHER,0.995,OTHER
UPI/40912,DEBIT,160.0,OTHER,OTHER,0.998,OTHER
UPI/CLOTHFASHION,DEBIT,560.0,SHOPPING,SHOPPING,0.996,SHOPPING
UPI/40925,DEBIT,10.0,OTHER,OTHER,0.993,OTHER
UPI/44588,DEBIT,500.0,OTHER,OTHER,0.997,OTHER
UPI/4458,CREDIT,500.0,OTHER,OTHER,0.991,OTHER
UPI/40921,DEBIT,500.0,OTHER,OTHER,0.997,OTHER
UPI/44562,CREDIT,500.0,OTHER,OTHER,0.991,OTHER
UPI/4093,DEBIT,240.0,OTHER,OTHER,0.998,OTHER
UPI/40959,DEBIT,200.0,OTHER,OTHER,0.998,OTHER
UPI/40954,DEBIT,500.0,OTHER,OTHER,0.997,OTHER
UPI/40968,DEBIT,10.0,OTHER,OTHER,0.993,OTHER
UPI/40977/,DEBIT,10.0,OTHER,OTHER,0.992,OTHER
UPI/40976,DEBIT,10.0,OTHER,OTHER,0.993,OTHER
UPI/40970/,DEBIT,50.0,OTHER,OTHER,0.997,OTHER
UPI/40982/,DEBIT,1000.0,OTHER,OTHER,0.999,OTHER
UPI/40986,DEBIT,500.0,OTHER,OTHER,0.997,OTHER
UPI/40989/,CREDIT,500.0,OTHER,OTHER,0.991,OTHER
UPI/4464,DEBIT,240.0,OTHER,OTHER,0.998,OTHER
UPI/44663,DEBIT,200.0,OTHER,OTHER,0.998,OTHER
UPI/41001,DEBIT,130.0,OTHER,OTHER,0.998,OTHER
UPI/4466,DEBIT,16.0,OTHER,OTHER,0.996,OTHER
UPI/4467,DEBIT,20.0,OTHER,OTHER,0.996,OTHER
UPI/44685,DEBIT,220.0,OTHER,OTHER,0.998,OTHER
UPI/44698,DEBIT,500.0,OTHER,OTHER,0.997,OTHER
UPI/41036,DEBIT,450.0,OTHER,OTHER,0.997,OTHER
UPI/4103,CREDIT,30000.0,OTHER,OTHER,0.994,OTHER
UPI/44693/,DEBIT,30000.0,OTHER,OTHER,0.993,OTHER
UPI/41043/-1,DEBIT,2350.0,OTHER,OTHER,0.899,OTHER
UPI/44702/Pay,CREDIT,1500.0,OTHER,OTHER,0.972,OTHER
UPI/44712//Pay,DEBIT,1500.0,OTHER,OTHER,0.969,OTHER
UPI/44716/,DEBIT,150.0,OTHER,OTHER,0.998,OTHER
UPI/44724/,DEBIT,10.0,OTHER,OTHER,0.992,OTHER
UPI/41066/,DEBIT,50.0,OTHER,OTHER,0.997,OTHER
UPI/44728,DEBIT,200.0,OTHER,OTHER,0.998,OTHER
UPI/44741,DEBIT,100.0,OTHER,OTHER,0.996,OTHER
UPI/41081,DEBIT,130.0,OTHER,OTHER,0.998,OTHER
UPI/41080/,DEBIT,4000.0,OTHER,OTHER,0.999,OTHER
UPI/PAYTM8p,DEBIT,40.0,OTHER,OTHER,0.925,OTHER
UPI/41098,DEBIT,130.0,OTHER,OTHER,0.998,OTHER
UPI/44767/o,DEBIT,400.0,OTHER,OTHER,0.991,OTHER
UPI/44763,DEBIT,20.0,OTHER,OTHER,0.996,OTHER
UPI/4476,DEBIT,10.0,OTHER,OTHER,0.993,OTHER
UPI/44779,DEBIT,200.0,OTHER,OTHER,0.998,OTHER
UPI/41110,DEBIT,60.0,OTHER,OTHER,0.996,OTHER
UPI/4477,DEBIT,10.0,OTHER,OTHER,0.993,OTHER
EURO Net BILL,DEBIT,15.0,BILLS_UTILITIES,BILLS_UTILITIES,0.944,BILLS_UTILITIES
UPI/41146,DEBIT,400.0,OTHER,OTHER,0.997,OTHER
UPI/41150/autopayhdfcbank,DEBIT,1.0,OTHER,OTHER,0.989,OTHER
UPI/41150/autopayhdfcbank,CREDIT,1.0,OTHER,OTHER,0.994,OTHER
UPI/41176/,DEBIT,250.0,OTHER,OTHER,0.998,OTHER
AMZN/,DEBIT,1.0,SHOPPING,SHOPPING,0.679,SHOPPING
UPI/4484,DEBIT,400.0,OTHER,OTHER,0.997,OTHER
UPI/4485,DEBIT,50.0,OTHER,OTHER,0.996,OTHER
UPI/44851,CREDIT,1.0,OTHER,OTHER,0.991,OTHER
UPI/41198/,CREDIT,499.0,OTHER,OTHER,0.991,OTHER
UPI/44852/JIOINAPPDIRECT,DEBIT,15.0,BILLS_UTILITIES,BILLS_UTILITIES,0.979,BILLS_UTILITIES
UPI/4487,DEBIT,70.0,OTHER,OTHER,0.996,OTHER
UPI/41213,DEBIT,10.0,OTHER,OTHER,0.993,OTHER
UPI/41,DEBIT,600.0,OTHER,OTHER,0.998,OTHER
UPI/41232,DEBIT,20.0,OTHER,OTHER,0.996,OTHER
UPI/41234,DEBIT,400.0,OTHER,OTHER,0.997,OTHER
UPI/PAYTMmp,DEBIT,180.0,OTHER,OTHER,0.925,OTHER
UPI/41252,DEBIT,400.0,OTHER,OTHER,0.997,OTHER
UPI/4492,DEBIT,110.0,OTHER,OTHER,0.996,OTHER
UPI/41267,DEBIT,110.0,OTHER,OTHER,0.996,OTHER
UPI/4493,DEBIT,130.0,OTHER,OTHER,0.998,OTHER
UPI/4494,DEBIT,10.0,OTHER,OTHER,0.993,OTHER
UPI/4494,CREDIT,150.0,OTHER,OTHER,0.994,OTHER
UPI/41284,DEBIT,600.0,OTHER,OTHER,0.998,OTHER
UPI/GPAYRECHARGE,DEBIT,19.0,BILLS_UTILITIES,BILLS_UTILITIES,0.936,BILLS_UTILITIES
UPI/41296,DEBIT,10.0,OTHER,OTHER,0.993,OTHER
UPI/4495,CREDIT,200.0,OTHER,OTHER,0.994,OTHER
UPI/4496,DEBIT,100.0,OTHER,OTHER,0.996,OTHER
UPI/PAYTMlp,DEBIT,20.0,OTHER,OTHER,0.917,OTHER
UPI/44964,DEBIT,900.0,OTHER,OTHER,0.998,OTHER
UPI/44971,CREDIT,4000.0,OTHER,OTHER,0.994,OTHER
UPI/4497,DEBIT,2000.0,OTHER,OTHER,0.998,OTHER
UPI/4498,DEBIT,10.0,OTHER,OTHER,0.993,OTHER
UPI/44987,DEBIT,1000.0,OTHER,OTHER,0.998,OTHER
UPI/4499,DEBIT,10.0,OTHER,OTHER,0.993,OTHER
UPI/41331,DEBIT,70.0,OTHER,OTHER,0.996,OTHER
UPI/4500,DEBIT,20.0,OTHER,OTHER,0.996,OTHER
UPI/45003,DEBIT,40.0,OTHER,OTHER,0.996,OTHER
UPI/41350,DEBIT,10000.0,OTHER,OTHER,0.994,OTHER
UPI/45025/JIOINAPPDIRECT,DEBIT,15.0,BILLS_UTILITIES,BILLS_UTILITIES,0.979,BILLS_UTILITIES
UPI/4502,DEBIT,100.0,OTHER,OTHER,0.996,OTHER
UPI/45028/JIOINAPPDIRECT,DEBIT,15.0,BILLS_UTILITIES,BILLS_UTILITIES,0.979,BILLS_UTILITIES
UPI/41374,CREDIT,1000.0,OTHER,OTHER,0.992,OTHER
UPI/4503,DEBIT,500.0,OTHER,OTHER,0.997,OTHER
UPI/4504,DEBIT,110.0,OTHER,OTHER,0.996,OTHER
UPI/41382,DEBIT,1300.0,OTHER,OTHER,0.998,OTHER
UPI/45051/JIOINAPPDIRECT,DEBIT,15.0,BILLS_UTILITIES,BILLS_UTILITIES,0.979,BILLS_UTILITIES
UPI/41394/LOAD/LITE,DEBIT,50.0,SELF_TRANSFER,SELF_TRANSFER,0.885,SELF_TRANSFER
UPI/4506,DEBIT,60.0,OTHER,OTHER,0.996,OTHER
UPI/4506,CREDIT,100.0,OTHER,OTHER,0.988,OTHER
UPI/41402,DEBIT,400.0,OTHER,OTHER,0.997,OTHER
UPI/45065/JIOINAPPDIRECT,DEBIT,15.0,BILLS_UTILITIES,BILLS_UTILITIES,0.979,BILLS_UTILITIES
UPI/4508,DEBIT,55.0,OTHER,OTHER,0.996,OTHER
UPI/41420,DEBIT,400.0,OTHER,OTHER,0.997,OTHER
UPI/45095/JIOINAPPDIRECT,DEBIT,19.0,BILLS_UTILITIES,BILLS_UTILITIES,0.988,BILLS_UTILITIES
UPI/4509,DEBIT,10.0,OTHER,OTHER,0.993,OTHER
UPI/45096,CREDIT,3920.0,OTHER,OTHER,0.994,OTHER
UPI/45090,DEBIT,3920.0,OTHER,OTHER,0.997,OTHER
UPI/PAYTM5p,DEBIT,15.0,OTHER,OTHER,0.871,OTHER
UPI/4510,DEBIT,20.0,OTHER,OTHER,0.996,OTHER
UPI/41448,DEBIT,260.0,OTHER,OTHER,0.997,OTHER
UPI/41451,DEBIT,600.0,OTHER,OTHER,0.998,OTHER
UPI/41454/REVERSAL,CREDIT,600.0,REFUND_CASHBACK,REFUND_CASHBACK,0.999,REFUND_CASHBACK
UPI/4512,DEBIT,60.0,OTHER,OTHER,0.996,OTHER
UPI/PAYTMtm,DEBIT,20.0,OTHER,OTHER,0.964,OTHER
UPI/45138,DEBIT,400.0,OTHER,OTHER,0.997,OTHER
UPI/PAYTMup,DEBIT,10.0,OTHER,OTHER,0.911,OTHER
UPI/4514,DEBIT,175.0,OTHER,OTHER,0.998,OTHER
UPI/4150,CREDIT,300.0,OTHER,OTHER,0.991,OTHER
UPI/4516,DEBIT,245.0,OTHER,OTHER,0.998,OTHER
UPI/4517,DEBIT,60.0,OTHER,OTHER,0.996,OTHER
